timestamp,open,high,low,close,volume
2025-04-15,268.8600,273.6300,230.0000,254.9300,89416806
2025-03-31,301.0000,303.0700,259.1900,268.3600,146206017
2025-02-28,335.9700,348.0400,292.1536,297.8500,140402082
2025-01-31,336.3100,367.0900,313.8000,341.7000,126293447
2024-12-31,332.0000,369.0000,323.6500,334.3300,154557178
2024-11-29,290.2300,348.8600,290.0000,329.9900,126511839
2024-10-31,274.1400,300.5950,269.6900,291.3700,93088424
2024-09-30,252.6200,278.6400,241.4401,273.7100,117982839
2024-08-30,259.9000,271.9500,232.2100,252.9000,126199513
2024-07-31,258.1500,266.0750,245.1700,258.8000,122237638
2024-06-28,234.6200,260.1800,227.7700,257.1000,200292160
2024-05-31,269.0200,290.0200,212.0000,234.4400,198485683
2024-04-30,301.6900,311.3000,268.3550,268.9400,114993640
2024-03-28,307.0000,318.7150,293.7700,301.1800,119450601
2024-02-29,282.0100,310.5400,276.4223,308.8200,116412304
2024-01-31,260.5400,289.2900,249.8400,281.0900,115342870
2023-12-29,250.0000,268.3600,246.8861,263.1400,123658006
2023-11-30,200.9200,252.5000,200.4900,251.9000,115485042
2023-10-31,200.8000,211.9400,193.6800,200.8300,88829406
2023-09-29,223.5000,226.8250,199.5503,202.7800,94511915
2023-08-31,223.8900,228.7900,200.2000,221.4600,118565013
2023-07-31,210.5700,238.2200,207.8310,225.0100,101137963
2023-06-30,208.2200,220.3900,204.7800,211.2600,183530813
2023-05-31,197.7600,225.0000,190.7600,223.3800,129715482
2023-04-28,198.2200,200.1200,187.3100,198.3700,89677195
2023-03-31,162.9900,200.0000,162.9800,199.7800,227464795
2023-02-28,167.7300,178.8400,159.6550,163.6100,139360386
2023-01-31,135.1900,168.0100,133.0300,167.9700,201955671
2022-12-30,147.5500,147.5860,126.3400,132.5900,255577990
2022-11-30,165.0000,165.6999,136.0400,160.2500,158889683
2022-10-31,144.9800,166.0300,137.5900,162.5900,139821717
2022-09-30,154.8700,165.6600,143.7500,143.8400,153974001
2022-08-31,181.3000,194.3700,155.9700,156.1200,143638901
2022-07-29,164.7600,187.5600,157.6500,184.0200,93369276
2022-06-30,178.0100,192.6799,158.1700,165.0400,208204096
2022-05-31,175.0900,185.9800,154.5500,160.2400,167465601
2022-04-29,212.4800,221.0000,167.5500,175.9400,139568994
2022-03-31,213.4000,222.1550,189.2000,212.3200,161284076
2022-02-28,232.3700,234.4900,184.4400,210.5300,140976636
2022-01-31,255.0100,256.8700,207.5100,232.6300,162371770
2021-12-31,271.2600,276.9400,245.2500,254.1300,149752915
2021-11-30,301.5000,311.7500,283.0400,284.9600,99123471
2021-10-29,271.5000,300.7800,266.1400,299.6900,90874482
2021-09-30,266.2700,286.3600,252.1900,271.2200,131299470
2021-08-31,242.3100,275.2200,238.8800,265.2700,132667039
2021-07-30,244.5000,253.5000,234.3101,241.9300,129664049
2021-06-30,238.0000,247.6900,229.4300,244.2700,124425484
2021-05-28,230.7700,243.5000,208.9100,238.1000,130404005
2021-04-30,213.6000,238.3300,213.3700,230.3200,106171745
2021-03-31,219.9000,220.2000,201.5100,211.8700,175225847
2021-02-26,227.2100,251.2300,216.3400,216.5000,126159713
2021-01-29,222.6400,230.3000,212.9850,225.5600,153505635
2020-12-31,245.0000,246.7000,215.6300,222.5300,273557837
2020-11-30,235.1200,270.9200,228.9900,245.8000,153843498
2020-10-30,253.1800,270.1600,228.6600,232.2700,92307909
2020-09-30,271.0000,284.5000,233.6300,251.3200,159208859
2020-08-31,197.8000,278.2800,191.7200,272.6500,239002377
2020-07-31,188.1000,202.8200,181.9300,194.8500,103681223
2020-06-30,173.1000,194.0900,167.0000,187.3300,140009514
2020-05-29,158.4900,184.8000,155.0800,174.7900,142205114
2020-04-30,138.3200,165.3000,130.0400,161.9500,145884316
2020-03-31,172.2000,178.4200,115.2900,143.9800,227007895
2020-02-28,183.2600,195.7200,163.1200,170.4000,117898456
2020-01-31,163.9200,186.4400,163.5800,182.3100,104694523
2019-12-31,163.1000,165.4600,154.5000,162.6400,109555847
2019-11-29,157.9100,166.3400,155.4700,162.8900,92456195
2019-10-31,149.4900,158.4200,141.4900,156.4900,101834364
2019-09-30,154.2100,156.8800,146.7500,148.4400,94072444
2019-08-30,154.7300,158.4200,137.8700,156.0700,201289175
2019-07-31,154.5700,161.6100,151.6800,154.5000,113142118
2019-06-28,150.7000,162.9900,142.5100,151.7300,182833695
2019-05-31,166.0100,166.2200,151.2000,151.4100,100320266
2019-04-30,160.1000,167.5600,153.1700,165.3500,80969259
2019-03-29,165.1500,166.9900,150.2500,158.3700,135506300
2019-02-28,152.4000,164.6000,151.0700,163.6500,96292683
2019-01-31,133.4000,153.3800,130.1000,151.9700,117781534
2018-12-31,146.3000,147.0700,120.1600,136.9700,138255094
2018-11-30,138.4000,143.6300,113.6000,142.7600,165747763
2018-10-31,160.1100,161.1900,128.0300,137.2400,156926632
2018-09-28,152.1100,161.0800,147.0800,159.0300,103930418
2018-08-31,138.0000,154.9700,136.7500,152.6800,109287927
2018-07-31,136.1500,149.3500,135.3000,137.1500,98728390
2018-06-29,129.8800,142.1200,128.3500,136.4000,117996932
2018-05-31,120.8800,132.5500,120.4200,129.3300,106160768
2018-04-30,115.9100,124.7400,113.6100,120.9900,95571623
2018-03-29,120.9100,128.8700,111.3400,116.3000,173501324
2018-02-28,113.3000,118.1500,102.3700,116.2500,108793788
2018-01-31,102.8800,114.5200,102.2700,113.9100,77359350
2017-12-29,103.8600,105.8800,98.6800,102.2300,79825674
2017-11-30,103.6700,109.1900,101.3000,104.3200,103675374
2017-10-31,93.7200,102.4450,93.4500,102.3400,73577868
2017-09-29,95.7500,98.2200,92.1100,93.4200,84115239
2017-08-31,91.3700,95.6600,87.2600,95.4900,97274959
2017-07-31,87.0100,92.1300,85.1200,90.8000,62275002
2017-06-30,90.0000,91.9900,83.5501,86.6000,115496860
2017-05-31,86.2500,91.8100,86.1100,89.6400,109727386
2017-04-28,82.6100,86.4200,81.5500,86.1200,72931545
2017-03-31,82.8700,84.4000,80.5000,82.4900,103159598
2017-02-28,78.9100,83.1250,77.4500,81.3500,90074782
2017-01-31,69.2900,80.0000,69.0000,79.1000,97772009
2016-12-30,72.1400,72.2700,66.4300,68.4600,119846483
2016-11-30,75.9900,80.3700,72.0000,72.0000,159258684
2016-10-31,71.1500,76.1600,66.7700,75.1600,225369901
2016-09-30,75.4500,76.5500,69.8100,71.3300,169605283
2016-08-31,81.7800,81.8000,75.8700,79.4200,107533678
2016-07-29,79.5900,83.0900,77.7300,81.8000,59903117
2016-06-30,82.0700,83.8500,75.5100,79.4100,84248123
2016-05-31,76.3000,84.4800,73.1700,83.7100,91836342
2016-04-29,73.3800,77.8200,73.1100,75.8000,58311810
2016-03-31,68.1200,74.6600,67.5000,73.8300,86996601
2016-02-29,67.5900,70.8400,52.6000,67.7500,189580908
2016-01-29,77.1400,77.9700,65.2700,68.0600,97879468
2015-12-31,80.3500,82.1400,75.8500,78.4000,69144833
2015-11-30,77.7100,82.9000,73.9400,79.6900,76813626
2015-10-30,69.1600,79.3800,68.6800,77.7100,77753128
2015-09-30,67.3700,73.6200,66.2600,69.4300,80445045
2015-08-31,73.5700,74.1400,64.1600,69.3600,95176442
2015-07-31,70.5800,74.5200,68.3300,73.3000,63041935
2015-06-30,72.7900,76.2100,69.1100,69.6300,73112877
2015-05-29,73.3700,76.1800,69.2900,72.7500,136149086
2015-04-30,66.5100,78.4600,65.4200,72.8200,98127350
2015-03-31,67.3800,69.8900,63.6488,66.8100,99905485
2015-02-27,56.8800,71.0000,55.4500,69.3800,93205661
2015-01-30,59.9000,60.4300,54.9500,56.4500,83286074
2014-12-31,59.0900,61.0950,53.4400,59.3100,107444290
2014-11-28,63.9200,64.7410,56.8000,59.8700,95594036
2014-10-31,57.2900,64.5950,51.0400,63.9900,108605056
2014-09-30,59.2000,61.4400,55.2900,57.5300,91679893
2014-08-29,54.5100,61.0100,52.5000,59.0900,114657035
2014-07-31,58.2400,59.4900,52.4800,54.2500,87452400
2014-06-30,52.6300,58.6300,50.2100,58.0800,110206400
2014-05-30,51.9000,55.5400,49.1800,52.6300,157066400
2014-04-30,57.6100,59.3500,48.1800,51.6500,139659700
2014-03-31,60.6500,63.8700,53.8600,57.0900,145786100
2014-02-28,61.1000,67.0000,58.0700,62.3700,120484400
2014-01-31,55.2000,61.4880,54.0260,60.5300,99129500
2013-12-31,52.0100,55.5500,50.1200,55.1900,90028800
2013-11-29,53.5400,58.3700,50.9900,52.0900,124486200
2013-10-31,52.1400,56.2400,48.7000,53.3600,88658000
2013-09-30,49.4600,54.2500,48.0200,51.9100,105773900
2013-08-30,44.1700,49.9400,42.1100,49.1300,125481000
2013-07-31,38.5600,44.4200,37.7300,43.7500,94649900
2013-06-28,42.3700,42.4400,36.0900,38.1800,182138600
2013-05-31,41.2100,47.5800,40.8500,42.3300,138661000
2013-04-30,178.7000,179.6550,39.7500,41.1100,58453700
2013-03-28,177.5000,187.9400,170.1400,178.8300,37115900
2013-02-28,173.9800,175.8400,162.0001,169.2200,28060800
2013-01-31,171.7650,178.9100,166.1200,172.1300,31987800
2012-12-31,158.7000,172.7500,153.2300,168.1000,30594300
2012-11-30,143.2500,160.5000,139.0400,157.6700,42536200
2012-10-31,153.1700,159.8500,142.5400,145.9800,34795100
2012-09-28,144.7200,161.9000,142.9100,152.6900,36262400
2012-08-31,127.3700,151.9700,120.1800,145.1800,62618900
2012-07-31,136.9100,143.8400,122.8900,124.3600,50129400
2012-06-29,134.2400,142.4700,125.2500,138.2600,49436200
2012-05-31,156.1500,163.5000,132.1100,138.6200,75701600
2012-04-30,152.8900,164.7500,147.5000,155.7300,40213900
2012-03-30,143.9800,157.5600,138.3400,154.5100,42125800
2012-02-29,117.3500,146.2600,115.6200,143.1600,65453600
2012-01-31,104.1800,119.9700,95.1600,116.8000,56629700
2011-12-30,116.0500,128.4500,94.0900,101.4600,69900000
2011-11-30,129.4000,137.3660,103.3800,118.4200,74405700
2011-10-31,112.9800,139.7500,109.2800,133.1700,54970300
2011-09-30,128.7200,136.9899,113.0600,114.2800,63814400
2011-08-31,148.5700,148.9400,109.2200,128.7500,85512700
2011-07-29,149.3100,160.1200,141.6000,144.7100,38013300
2011-06-30,150.7900,152.0400,134.7000,148.9800,46468400
2011-05-31,139.6200,153.9900,127.2500,152.2600,58996000
2011-04-29,134.9600,142.4600,128.2000,138.6000,46019500
2011-03-31,132.6600,134.7800,117.6600,133.5800,73782600
2011-02-28,130.0200,148.0000,128.0000,132.2700,54100400
2011-01-31,133.1300,146.6200,122.0300,129.1400,54251600
2010-12-31,142.0700,151.2600,129.6600,132.0000,58575900
2010-11-30,116.3400,146.4500,109.2100,139.2200,77101900
2010-10-29,113.0900,117.0000,97.9200,116.0700,79842200
2010-09-30,111.8900,123.7700,111.1800,111.8000,60241500
2010-08-31,101.1000,114.1500,95.1000,109.8800,67153800
2010-07-30,85.6600,101.4900,83.6086,98.9500,40771700
2010-06-30,84.3100,97.9400,84.3100,85.8200,70544800
2010-05-28,86.0800,89.8400,73.9100,86.5300,60158400
2010-04-30,75.1200,89.5000,74.6800,85.6000,33820400
2010-03-31,67.7400,77.9800,67.5200,74.4500,36161600
2010-02-26,64.0200,70.0200,60.3000,67.9500,38455200
2010-01-29,74.6100,75.5300,63.2000,63.5500,41945800
2009-12-31,62.6700,74.9500,62.2400,73.7700,34474400
2009-11-30,56.9100,67.7200,56.1700,62.6800,38413300
2009-10-30,56.6200,65.0000,54.0600,56.7500,33162900
2009-09-30,51.5000,59.0700,50.7600,56.9300,40457500
2009-08-31,43.9500,55.0000,43.3800,51.8700,52077400
2009-07-31,38.5050,45.1800,35.2700,43.3400,32404700
2009-06-30,38.3600,41.7500,36.3800,38.1700,43639200
2009-05-29,42.1600,45.4900,35.1000,37.9500,49640700
2009-04-30,31.2600,43.0800,30.0000,42.8100,43734800
2009-03-31,27.5200,37.0300,27.0300,32.7300,62858100
2009-02-27,26.5000,31.1400,25.1900,28.0000,75867900
2009-01-30,32.1000,35.2300,25.8300,26.6100,40713400
2008-12-31,27.2800,36.4500,25.5300,32.0100,49244900
2008-11-28,29.6300,32.1500,20.8200,28.6200,58230400
2008-10-31,47.7600,48.5000,24.4000,30.9600,76792100
2008-09-30,56.5000,60.2400,44.1000,48.4000,79534200
2008-08-29,64.1300,71.7200,52.7300,56.0200,54035300
2008-07-31,67.3800,72.3700,60.0700,63.7900,33877600
2008-06-30,72.0000,75.2100,66.5100,68.2300,31045700
2008-05-30,67.2800,74.7000,61.4300,72.3100,49231000
2008-04-30,58.5000,69.6500,58.4800,66.7300,41795800
2008-03-31,58.9400,61.9000,54.1800,57.8700,35777000
2008-02-29,52.5600,63.4700,47.0600,59.7200,42790400
2008-01-31,63.0500,63.5500,48.1600,51.9100,38755700
2007-12-31,56.7900,65.5200,54.1000,62.6900,27955200
2007-11-30,55.0300,58.0000,45.5900,56.7300,41815500
2007-10-31,51.3900,57.5300,50.0000,56.3700,33450400
2007-09-28,40.0600,51.7500,40.0600,51.3200,32923200
2007-08-31,38.8600,47.3800,37.2400,40.4300,48074800
2007-07-31,43.0000,46.0000,38.6100,38.8600,27965900
2007-06-29,47.2500,48.2500,39.6700,42.8600,43096200
2007-05-31,41.8000,49.9600,40.6000,47.2500,48160400
2007-04-30,43.0700,46.0800,40.7700,42.0000,32466700
2007-03-30,42.2505,44.6000,40.7700,42.8200,27382800
2007-02-28,44.2000,50.4300,43.0500,43.2400,44694100
2007-01-31,36.5700,44.3200,35.5500,43.8300,32306600
2006-12-29,38.7800,40.8900,35.9000,36.4500,23799200
2006-11-30,39.1400,44.5800,37.6600,39.0000,35217700
2006-10-31,35.8700,42.2200,35.0984,39.0200,39537000
2006-09-29,34.7300,38.7000,32.4100,35.8800,32375200
2006-08-31,25.0100,35.1000,23.7200,34.4800,57879000
2006-07-31,26.9400,26.9900,21.6400,25.7000,42191100
2006-06-30,29.5100,31.2300,24.1300,26.6600,46684700
2006-05-31,35.0700,35.5300,27.7600,29.5100,46273000
2006-04-28,36.5800,37.8700,32.3800,35.0500,30193300
2006-03-31,35.0000,39.8000,34.9900,36.3300,26233100
2006-02-28,40.2000,40.8700,32.6800,34.8500,44422400
2006-01-31,32.1000,42.9900,31.6000,41.0500,36097000
2005-12-30,32.0000,36.1900,31.2500,32.0500,34180800
2005-11-30,25.0000,32.1000,24.7000,31.8500,37338000
2005-10-31,23.9000,25.7300,20.3000,24.9900,26961900
2005-09-30,19.3200,23.9800,19.1500,23.1200,26383500
2005-08-31,23.5400,25.1500,18.6300,19.3200,35610700
2005-07-29,20.4300,24.0800,18.8000,23.5500,25325000
2005-06-30,20.1000,21.9800,19.2500,20.4800,24090200
2005-05-31,14.4800,20.3300,14.0900,20.2400,27334400
2005-04-29,14.5500,16.3800,13.5960,14.4300,14522400
2005-03-31,16.2000,16.9900,13.7000,14.9900,12418300
2005-02-28,13.5100,16.8700,12.9600,16.0600,18689700
2005-01-31,16.4100,18.2000,13.3500,13.7000,23878000
2004-12-31,17.4700,17.6700,14.6000,16.9400,27219100
2004-11-30,20.5000,22.7000,17.0500,17.4600,10626500
2004-10-29,15.6300,20.6000,15.5200,20.3200,8582800
2004-09-30,13.2000,17.1400,12.9700,15.6300,11357900
2004-08-31,12.9800,13.2600,9.0000,13.0000,9092700
2004-07-30,16.0800,17.0000,11.0500,13.0100,15960900
